{
  "cash": 1000.0,
  "equity": 1000.0,
  "position": null,
  "last_mid": 87689.95,
  "last_obi": 0.42436541239595515,
  "timestamp": "2025-12-25T15:05:45.683154+00:00"
}