{
  "config_hash": "aef5faf2f5d23022c60fa8222846cb81ca9bbb6b0345f644022431cf8644f017",
  "features": {
    "ofi_L1": {
      "missing_frac": 0.0,
      "mean": -0.052966503111232514,
      "std": 2.5238535748597624,
      "min": -203.8799959224001,
      "max": 12.530040036675514,
      "outlier_frac": 0.000496031746031746,
      "drift_z": -0.016713924445224484
    },
    "ofi_L5": {
      "missing_frac": 0.0,
      "mean": -0.022150617458418318,
      "std": 1.1973678710482534,
      "min": -65.77706964473205,
      "max": 14.182994428497237,
      "outlier_frac": 0.0008928571428571428,
      "drift_z": -0.007267697372175934
    },
    "ofi_L10": {
      "missing_frac": 0.0,
      "mean": -0.012685392234062629,
      "std": 0.8273241607102683,
      "min": -15.06756736395179,
      "max": 11.209634127530778,
      "outlier_frac": 0.0015873015873015873,
      "drift_z": 0.011855318091323912
    },
    "lambda": {
      "missing_frac": 0.00029761904761904765,
      "mean": -1.2143032167782766,
      "std": 620.2660129696842,
      "min": -15406.881455129344,
      "max": 15914.844810095155,
      "outlier_frac": 0.006646825396825397,
      "drift_z": -0.0011447943538692618
    },
    "r2": {
      "missing_frac": 0.00029761904761904765,
      "mean": 1.1485948957488767,
      "std": 0.7941854982491969,
      "min": 1.0593014100565019e-07,
      "max": 2.24999999999368,
      "outlier_frac": 0.0,
      "drift_z": 0.022057802473593017
    },
    "resid_std": {
      "missing_frac": 0.000496031746031746,
      "mean": 48.324146174935834,
      "std": 74.24006788675266,
      "min": 0.14553160093621628,
      "max": 1749.7712375952487,
      "outlier_frac": 0.005654761904761905,
      "drift_z": -0.16188300653699447
    },
    "lambda_up": {
      "missing_frac": 0.8943452380952381,
      "mean": -9.579352237075787,
      "std": 386.9168997159667,
      "min": -10352.39826488622,
      "max": 1836.0054050616943,
      "outlier_frac": 0.00029761904761904765,
      "drift_z": -0.10477250509516181
    },
    "lambda_down": {
      "missing_frac": 0.8916666666666667,
      "mean": -8.060094810988156,
      "std": 534.4376209365093,
      "min": -15406.881590669744,
      "max": 4155.165353921312,
      "outlier_frac": 0.00029761904761904765,
      "drift_z": -0.052323442675068325
    },
    "depletion_L10": {
      "missing_frac": 0.0,
      "mean": 0.15749117063492063,
      "std": 0.5905995920220785,
      "min": 0.0,
      "max": 13.182,
      "outlier_frac": 0.006845238095238095,
      "drift_z": -0.06121334971008222
    },
    "replenish_L10": {
      "missing_frac": 0.0,
      "mean": 0.16062083333333332,
      "std": 0.6813202426889415,
      "min": 0.0,
      "max": 20.026,
      "outlier_frac": 0.005555555555555556,
      "drift_z": -0.05227595546860554
    },
    "repl_ratio_L10": {
      "missing_frac": 0.0,
      "mean": 161527480.15873015,
      "std": 438394960.80710894,
      "min": 0.0,
      "max": 23753000000.0,
      "outlier_frac": 0.005555555555555556,
      "drift_z": -0.09619490688538636
    },
    "spread_mean": {
      "missing_frac": 0.0,
      "mean": 0.10244047619139782,
      "std": 0.08608548508665531,
      "min": 0.09999999999126885,
      "max": 5.2999999999883585,
      "outlier_frac": 0.0011904761904761906,
      "drift_z": -0.008758366789854059
    },
    "microprice": {
      "missing_frac": 0.0,
      "mean": 90054.09331754576,
      "std": 2471.511865624723,
      "min": 83902.06355653127,
      "max": 94020.99161860823,
      "outlier_frac": 0.0,
      "drift_z": 0.23950599546923473
    }
  },
  "metadata": {
    "hazard_enabled": 1,
    "coverage": {
      "book_depth": 1.0,
      "agg_trades": 1.0
    }
  }
}