{
  "cash": 1000.0,
  "equity": 1000.0,
  "position": null,
  "last_mid": 87763.05,
  "last_obi": 0.5087417598165664,
  "timestamp": "2025-12-25T06:52:05.258625+00:00"
}