{
  "cash": 1000.0,
  "equity": 1000.0,
  "position": null,
  "last_mid": 87747.05,
  "last_obi": 0.4958486457057302,
  "timestamp": "2025-12-25T07:05:30.807627+00:00"
}