{
  "config_hash": "468e4abc782607c81a507f63f4acb1bda4dec1d517dc1310c63ce5242a27fe04",
  "features": {
    "ofi_L1": {
      "missing_frac": 0.0,
      "mean": -0.05619154655479454,
      "std": 1.5558648010778073,
      "min": -48.28435996073763,
      "max": 4.730434741474481,
      "outlier_frac": 0.0006944444444444445,
      "drift_z": -0.0050504531878604805
    },
    "ofi_L5": {
      "missing_frac": 0.0,
      "mean": -0.0320019648318041,
      "std": 0.9618264923350602,
      "min": -13.652023105604599,
      "max": 4.068918917819212,
      "outlier_frac": 0.001388888888888889,
      "drift_z": -0.0556295592224271
    },
    "ofi_L10": {
      "missing_frac": 0.0,
      "mean": -0.02623433715049802,
      "std": 0.9029098946224176,
      "min": -6.730672618830402,
      "max": 4.07227615855656,
      "outlier_frac": 0.001388888888888889,
      "drift_z": -0.07242258082380311
    },
    "lambda": {
      "missing_frac": 0.0020833333333333333,
      "mean": 5.12948930026747,
      "std": 256.20241870607185,
      "min": -2830.4507717813312,
      "max": 1700.721601907244,
      "outlier_frac": 0.008333333333333333,
      "drift_z": -0.08102653410135573
    },
    "r2": {
      "missing_frac": 0.0020833333333333333,
      "mean": 1.151568637698907,
      "std": 0.8045692943321366,
      "min": 1.0593014100565019e-07,
      "max": 2.2499999999776974,
      "outlier_frac": 0.0,
      "drift_z": -0.052943196115926544
    },
    "resid_std": {
      "missing_frac": 0.003472222222222222,
      "mean": 58.67397432283689,
      "std": 59.061439613381786,
      "min": 0.9003438198027808,
      "max": 648.7576724226952,
      "outlier_frac": 0.0020833333333333333,
      "drift_z": 0.2562921576415204
    },
    "lambda_up": {
      "missing_frac": 0.9006944444444445,
      "mean": 8.095461387617242,
      "std": 186.28599469049166,
      "min": -1074.437547361519,
      "max": 1359.5591323545557,
      "outlier_frac": 0.001388888888888889,
      "drift_z": -0.39541833620983585
    },
    "lambda_down": {
      "missing_frac": 0.8569444444444444,
      "mean": 0.10229416421804795,
      "std": 173.55892126428057,
      "min": -1382.5305269349083,
      "max": 953.4088928835976,
      "outlier_frac": 0.001388888888888889,
      "drift_z": -0.14171613715379747
    },
    "depletion_L10": {
      "missing_frac": 0.0,
      "mean": 0.2055201388888889,
      "std": 0.7461561607740647,
      "min": 0.0,
      "max": 10.437999999999999,
      "outlier_frac": 0.005555555555555556,
      "drift_z": -0.10078877669340641
    },
    "replenish_L10": {
      "missing_frac": 0.0,
      "mean": 0.21140208333333332,
      "std": 0.7592745057846659,
      "min": 0.0,
      "max": 12.487,
      "outlier_frac": 0.00625,
      "drift_z": 0.007962644981850595
    },
    "repl_ratio_L10": {
      "missing_frac": 0.0,
      "mean": 219171990.74074075,
      "std": 459044083.8953363,
      "min": 0.0,
      "max": 5808666666.666667,
      "outlier_frac": 0.009722222222222222,
      "drift_z": -0.10025765890423392
    },
    "spread_mean": {
      "missing_frac": 0.0,
      "mean": 0.10090277777854782,
      "std": 0.024844326270512758,
      "min": 0.09999999999126885,
      "max": 0.8999999999941792,
      "outlier_frac": 0.001388888888888889,
      "drift_z": -0.07267476428785229
    },
    "microprice": {
      "missing_frac": 0.0,
      "mean": 86082.36304759092,
      "std": 890.8370570209364,
      "min": 83902.06355653127,
      "max": 90354.79789653212,
      "outlier_frac": 0.0,
      "drift_z": -1.1978377461974186
    }
  },
  "metadata": {
    "hazard_enabled": 1,
    "coverage": {
      "book_depth": 1.0,
      "agg_trades": 1.0
    }
  }
}